City_ID,City,Country,Date,Lat,Lng,Max Temp,Humidity,Cloudiness,Wind Speed
0,Hambantota,LK,2022-10-19 19:27:21,6.1241,81.1185,79.29,81,100,15.23
1,Victoria,HK,2022-10-19 19:27:35,22.2855,114.1577,75.25,68,100,8.01
2,Hobart,AU,2022-10-19 19:31:36,-42.8794,147.3294,46.27,88,20,5.75
3,Souillac,MU,2022-10-19 19:31:37,-20.5167,57.5167,70.18,73,20,5.75
4,Rikitea,PF,2022-10-19 19:31:37,-23.1203,-134.9692,69.46,75,100,17.92
5,Raudeberg,NO,2022-10-19 19:31:37,61.9875,5.1352,41.95,66,100,3.04
6,Aasiaat,GL,2022-10-19 19:31:38,68.7098,-52.8699,27.5,75,32,23.33
7,Albany,US,2022-10-19 19:30:02,42.6001,-73.9662,50.63,52,96,3.0
8,Cape Town,ZA,2022-10-19 19:31:38,-33.9258,18.4232,66.61,80,75,8.05
9,Spearfish,US,2022-10-19 19:31:39,44.4908,-103.8594,71.89,25,0,14.97
10,Atuona,PF,2022-10-19 19:31:39,-9.8,-139.0333,77.04,66,2,15.03
11,Ushuaia,AR,2022-10-19 19:31:39,-54.8,-68.3,53.26,37,40,19.57
12,Deutschlandsberg,AT,2022-10-19 19:31:40,46.8153,15.2222,57.9,91,83,2.44
13,Whitefish,US,2022-10-19 19:31:40,48.4111,-114.3376,53.35,47,0,0.0
14,Port Elizabeth,ZA,2022-10-19 19:29:40,-33.918,25.5701,79.11,88,20,2.3
15,Bluff,NZ,2022-10-19 19:31:41,-46.6,168.3333,47.71,70,88,21.36
16,Hilo,US,2022-10-19 19:31:41,19.7297,-155.09,84.27,64,75,1.99
17,Saskylakh,RU,2022-10-19 19:31:41,71.9167,114.0833,1.42,95,90,5.61
18,Coihaique,CL,2022-10-19 19:31:42,-45.5752,-72.0662,59.61,67,75,8.05
19,Djambala,CG,2022-10-19 19:31:42,-2.5447,14.7533,69.04,92,94,3.36
20,Tuktoyaktuk,CA,2022-10-19 19:31:42,69.4541,-133.0374,24.8,100,100,2.3
21,Vao,NC,2022-10-19 19:31:43,-22.6667,167.4833,70.36,69,39,15.61
22,Singaraja,ID,2022-10-19 19:31:09,-8.112,115.0882,79.21,83,100,2.98
23,Luderitz,NA,2022-10-19 19:31:43,-26.6481,15.1594,60.49,90,15,14.14
24,Quatre Cocos,MU,2022-10-19 19:31:44,-20.2078,57.7625,70.09,73,55,13.29
25,Ipixuna,BR,2022-10-19 19:31:44,-1.7625,-48.8043,84.09,71,100,7.27
26,Huarmey,PE,2022-10-19 19:31:44,-10.0681,-78.1522,67.14,72,96,12.95
27,Usinsk,RU,2022-10-19 19:31:45,65.9939,57.5281,32.77,89,100,16.24
28,Port-Gentil,GA,2022-10-19 19:31:45,-0.7193,8.7815,78.76,94,100,12.66
29,Nelson Bay,AU,2022-10-19 19:31:46,-32.7167,152.15,66.0,97,100,11.01
30,Kaitangata,NZ,2022-10-19 19:31:46,-46.2817,169.8464,46.27,66,100,5.97
31,Husavik,IS,2022-10-19 19:30:58,66.0449,-17.3389,34.56,77,100,10.69
32,Puerto Ayora,EC,2022-10-19 19:31:47,-0.7393,-90.3518,75.16,87,99,8.01
33,Ostrovnoy,RU,2022-10-19 19:31:47,68.0531,39.5131,38.55,84,90,34.96
34,Nikolskoye,RU,2022-10-19 19:31:48,59.7035,30.7861,37.29,86,92,4.59
35,Chuy,UY,2022-10-19 19:31:48,-33.6971,-53.4616,65.17,81,8,11.61
36,Torbay,CA,2022-10-19 19:31:48,47.6666,-52.7314,59.29,93,75,8.05
37,Walvis Bay,NA,2022-10-19 19:31:49,-22.9575,14.5053,61.09,88,32,6.91
38,Batemans Bay,AU,2022-10-19 19:31:49,-35.7167,150.1833,60.1,87,100,2.53
39,Luau,AO,2022-10-19 19:31:50,-10.7073,22.2247,72.99,54,92,4.21
40,Ust-Kuyga,RU,2022-10-19 19:31:50,70.0167,135.6,-5.93,99,44,6.76
41,Sao Joao Da Barra,BR,2022-10-19 19:27:43,-21.6403,-41.0511,78.89,79,73,23.09
42,Tiksi,RU,2022-10-19 19:32:51,71.6872,128.8694,15.1,89,99,9.28
43,Ilulissat,GL,2022-10-19 19:32:51,69.2167,-51.1,28.42,69,75,17.27
44,Yining,CN,2022-10-19 19:32:51,29.0361,114.5636,52.68,46,96,1.23
45,Bredasdorp,ZA,2022-10-19 19:32:52,-34.5322,20.0403,62.46,87,100,9.91
46,Havre-Saint-Pierre,CA,2022-10-19 19:32:52,50.2334,-63.5986,52.16,93,100,20.71
47,Busselton,AU,2022-10-19 19:32:52,-33.65,115.3333,57.38,85,93,7.36
48,Mazyr,BY,2022-10-19 19:32:53,52.0495,29.2456,40.01,77,6,12.12
49,Beloha,MG,2022-10-19 19:32:53,-25.1667,45.05,68.72,85,4,15.05
50,Arlit,NE,2022-10-19 19:32:54,18.7369,7.3853,83.97,18,0,12.8
51,Kapaa,US,2022-10-19 19:28:38,22.0752,-159.319,73.38,94,100,20.71
52,Charters Towers,AU,2022-10-19 19:32:54,-20.1,146.2667,72.09,87,33,6.42
53,Vestmannaeyjar,IS,2022-10-19 19:32:55,63.4427,-20.2734,44.62,74,100,8.34
54,Khatanga,RU,2022-10-19 19:32:55,71.9667,102.5,18.72,96,100,8.55
55,Rawson,AR,2022-10-19 19:31:00,-43.3002,-65.1023,77.86,28,50,7.23
56,Codrington,AU,2022-10-19 19:32:56,-38.2667,141.9667,48.2,96,10,7.61
57,Tommot,RU,2022-10-19 19:32:56,58.9564,126.2925,24.57,90,99,10.54
58,Yellowknife,CA,2022-10-19 19:31:00,62.456,-114.3525,43.32,93,75,18.41
59,Tigil,RU,2022-10-19 19:32:56,57.8,158.6667,21.4,93,97,8.52
60,Hithadhoo,MV,2022-10-19 19:32:57,-0.6,73.0833,80.58,76,96,8.32
61,Tasiilaq,GL,2022-10-19 19:32:57,65.6145,-37.6368,33.96,89,100,4.83
62,Waingapu,ID,2022-10-19 19:32:58,-9.6567,120.2641,80.1,81,100,1.77
63,Punta Arenas,CL,2022-10-19 19:31:30,-53.15,-70.9167,51.91,43,0,31.07
64,Narsaq,GL,2022-10-19 19:32:58,60.9167,-46.05,41.22,78,41,17.92
65,Barrow,US,2022-10-19 19:32:58,71.2906,-156.7887,24.82,86,100,6.91
66,Kamaishi,JP,2022-10-19 19:32:59,39.2667,141.8833,48.72,70,2,7.34
67,Yulara,AU,2022-10-19 19:32:59,-25.2406,130.9889,61.32,71,0,4.5
68,Rodrigues Alves,BR,2022-10-19 19:32:59,-7.738,-72.6509,91.6,47,86,3.74
69,Kodiak,US,2022-10-19 19:33:00,57.79,-152.4072,45.91,61,0,6.91
70,Imbituba,BR,2022-10-19 19:33:00,-28.24,-48.6703,69.35,82,37,3.96
71,Mahebourg,MU,2022-10-19 19:33:01,-20.4081,57.7,70.25,73,20,5.75
72,La Ronge,CA,2022-10-19 19:33:01,55.1001,-105.2842,61.05,39,20,6.91
73,Lake Havasu City,US,2022-10-19 19:30:20,34.4839,-114.3224,87.46,25,0,5.75
74,Siavonga,ZM,2022-10-19 19:33:02,-16.5382,28.7088,81.39,40,30,5.53
75,Butaritari,KI,2022-10-19 19:33:03,3.0707,172.7902,81.32,71,100,14.9
76,Mataura,NZ,2022-10-19 19:33:03,-46.1927,168.8643,46.24,76,70,6.42
77,Jamestown,US,2022-10-19 19:29:11,42.097,-79.2353,39.06,93,100,16.11
78,Comodoro Rivadavia,AR,2022-10-19 19:33:04,-45.8667,-67.5,73.26,27,0,25.32
79,Marovoay,MG,2022-10-19 19:33:04,-16.1,46.6333,73.6,71,0,4.41
80,Margate,GB,2022-10-19 19:29:43,51.3813,1.3862,60.91,82,100,5.99
81,Katsuura,JP,2022-10-19 19:33:05,35.1333,140.3,57.76,66,0,13.96
82,Saint-Philippe,RE,2022-10-19 19:33:06,-21.3585,55.7679,71.19,72,42,8.86
83,Pangnirtung,CA,2022-10-19 19:33:06,66.1451,-65.7125,23.0,54,40,8.05
84,Cap Malheureux,MU,2022-10-19 19:33:07,-19.9842,57.6142,70.47,72,25,1.99
85,Ponta Do Sol,PT,2022-10-19 19:33:08,32.6667,-17.1,74.71,77,100,9.15
86,Tautira,PF,2022-10-19 19:34:08,-17.7333,-149.15,77.41,78,10,10.92
87,Bouillante,GP,2022-10-19 19:34:09,16.1304,-61.7692,83.37,72,10,11.59
88,Prince Rupert,CA,2022-10-19 19:30:21,54.3161,-130.3201,55.49,84,75,16.11
89,Sao Filipe,CV,2022-10-19 19:34:10,14.8961,-24.4956,79.74,79,43,8.37
90,Karratha,AU,2022-10-19 19:34:10,-20.7377,116.8463,74.39,68,0,8.5
91,Mar Del Plata,AR,2022-10-19 19:29:17,-38.0023,-57.5575,62.62,92,75,18.41
92,Dharchula,IN,2022-10-19 19:34:11,29.85,80.5333,54.39,67,4,6.2
93,Otradnoye,RU,2022-10-19 19:34:12,59.7775,30.8181,37.45,85,97,4.7
94,Airai,TL,2022-10-19 19:34:13,-8.9266,125.4092,63.01,88,90,0.09
95,Sena Madureira,BR,2022-10-19 19:34:13,-9.0656,-68.6569,89.87,46,96,2.1
96,Deputatskiy,RU,2022-10-19 19:34:14,69.3,139.9,-8.25,88,15,4.23
97,Puerto Escondido,MX,2022-10-19 19:34:14,15.85,-97.0667,79.63,61,100,8.05
98,Thompson,CA,2022-10-19 19:34:14,55.7435,-97.8558,44.76,65,40,10.36
99,Puerto Madryn,AR,2022-10-19 19:34:15,-42.7692,-65.0385,77.25,32,4,4.72
100,Antofagasta,CL,2022-10-19 19:32:34,-23.65,-70.4,61.88,69,25,9.48
101,Alyangula,AU,2022-10-19 19:34:16,-13.8483,136.4192,81.54,77,95,8.75
102,Olga,RU,2022-10-19 19:34:16,43.7444,135.2892,35.46,62,37,5.1
103,Caravelas,BR,2022-10-19 19:34:17,-17.7125,-39.2481,76.78,72,63,8.93
104,Lavrentiya,RU,2022-10-19 19:34:17,65.5833,-171.0,35.87,88,100,26.82
105,Port Hedland,AU,2022-10-19 19:31:32,-20.3167,118.5667,69.85,52,0,8.05
106,Georgetown,MY,2022-10-19 19:34:18,5.4112,100.3354,78.73,88,40,2.3
107,Hermanus,ZA,2022-10-19 19:34:18,-34.4187,19.2345,65.8,92,100,15.14
108,Maracaju,BR,2022-10-19 19:34:19,-21.6144,-55.1683,86.2,57,27,6.29
109,Phonhong,LA,2022-10-19 19:34:20,18.5007,102.4166,67.46,92,6,0.96
110,New Norfolk,AU,2022-10-19 19:34:21,-42.7826,147.0587,45.91,64,77,2.28
111,Quelimane,MZ,2022-10-19 19:34:22,-17.8786,36.8883,76.95,83,0,6.91
112,Makakilo City,US,2022-10-19 19:34:22,21.3469,-158.0858,84.43,58,0,5.75
113,Suntar,RU,2022-10-19 19:34:22,62.1444,117.6319,25.52,83,100,8.03
114,Gondar,ET,2022-10-19 19:34:23,12.6,37.4667,56.66,76,8,3.02
115,Missungwi,TZ,2022-10-19 19:34:23,-2.85,33.0833,71.33,53,100,3.87
116,Byron Bay,AU,2022-10-19 19:34:24,-28.65,153.6167,64.94,89,100,10.94
117,East London,ZA,2022-10-19 19:34:24,-33.0153,27.9116,74.34,89,79,13.89
118,Tuatapere,NZ,2022-10-19 19:34:25,-46.1333,167.6833,45.46,79,43,7.11
119,Soyo,AO,2022-10-19 19:34:25,-6.1349,12.3689,76.71,83,40,9.1
120,Sistranda,NO,2022-10-19 19:34:25,63.7256,8.834,44.56,79,100,22.17
121,Mount Gambier,AU,2022-10-19 19:34:26,-37.8333,140.7667,49.91,93,75,9.22
122,Vinh Yen,VN,2022-10-19 19:34:26,21.31,105.5967,60.75,91,100,6.31
123,Bam,IR,2022-10-19 19:33:46,29.106,58.357,72.37,20,10,6.67
124,Norman Wells,CA,2022-10-19 19:34:27,65.282,-126.8329,32.04,100,100,9.22
125,Port Pirie,AU,2022-10-19 19:34:27,-33.1833,138.0167,59.4,65,100,8.05
126,Erenhot,CN,2022-10-19 19:34:28,43.6475,111.9767,52.52,46,12,14.45
127,Zhanakorgan,KZ,2022-10-19 19:34:28,43.9098,67.2495,48.0,38,93,7.02
128,Sorland,NO,2022-10-19 19:34:28,67.667,12.6934,42.66,76,96,10.29
129,Fomboni,KM,2022-10-19 19:34:29,-12.28,43.7425,76.42,78,0,9.44
130,George Town,MY,2022-10-19 19:33:02,5.4112,100.3354,78.73,88,40,2.3
131,Bambous Virieux,MU,2022-10-19 19:34:29,-20.3428,57.7575,70.05,73,20,5.75
132,Kloulklubed,PW,2022-10-19 19:35:30,7.0419,134.2556,77.5,74,100,13.6
133,Grindavik,IS,2022-10-19 19:35:30,63.8424,-22.4338,43.27,81,100,14.97
134,Kingston,JM,2022-10-19 19:34:52,17.997,-76.7936,88.75,96,20,12.66
135,Jati,PK,2022-10-19 19:35:30,24.3539,68.2671,77.77,66,11,7.94
136,Upernavik,GL,2022-10-19 19:35:31,72.7868,-56.1549,20.86,89,100,1.99
137,Ceske Velenice,CZ,2022-10-19 19:35:31,48.7685,14.9637,49.62,88,7,2.55
138,Terney,RU,2022-10-19 19:35:31,45.0503,136.6092,39.6,58,99,6.38
139,Carnarvon,AU,2022-10-19 19:35:32,-24.8667,113.6333,65.41,84,3,10.4
140,Eureka,US,2022-10-19 19:35:32,40.8021,-124.1637,54.21,60,1,6.89
141,Sisimiut,GL,2022-10-19 19:35:33,66.9395,-53.6735,24.67,92,87,6.78
142,Dikson,RU,2022-10-19 19:35:33,73.5069,80.5464,32.09,99,100,14.56
143,Kirakira,SB,2022-10-19 19:35:33,-10.4544,161.9205,80.87,83,45,5.97
144,Port Lincoln,AU,2022-10-19 19:35:34,-34.7333,135.8667,56.23,90,50,9.75
145,Qaanaaq,GL,2022-10-19 19:35:34,77.484,-69.3632,-0.54,69,0,8.77
146,Arraial Do Cabo,BR,2022-10-19 19:35:34,-22.9661,-42.0278,75.06,83,75,16.11
147,Cidreira,BR,2022-10-19 19:35:35,-30.1811,-50.2056,66.78,86,32,7.96
148,Kautokeino,NO,2022-10-19 19:35:35,69.0125,23.0412,33.33,90,89,4.34
149,Tevaitoa,PF,2022-10-19 19:35:35,-16.7833,-151.5,77.9,78,28,9.1
150,Iqaluit,CA,2022-10-19 19:35:36,63.7506,-68.5145,26.33,63,20,9.22
151,Kavieng,PG,2022-10-19 19:35:36,-2.5744,150.7967,82.0,77,99,11.63
152,Lyubinskiy,RU,2022-10-19 19:35:36,55.1542,72.6925,40.68,85,100,9.93
153,Cabo San Lucas,MX,2022-10-19 19:32:06,22.8909,-109.9124,88.61,65,20,8.05
154,Nenjiang,CN,2022-10-19 19:35:37,49.1833,125.2167,37.17,57,55,7.78
155,Wellington,NZ,2022-10-19 19:35:01,-41.2866,174.7756,57.56,70,3,11.5
156,Flinders,AU,2022-10-19 19:35:37,-34.5833,150.8552,62.38,90,100,4.0
157,Vaini,TO,2022-10-19 19:35:38,-21.2,-175.2,73.56,100,75,2.3
158,Tombouctou,ML,2022-10-19 19:35:38,20.0,-3.0,88.41,16,100,5.19
159,Kavaratti,IN,2022-10-19 19:35:38,10.5669,72.642,80.69,79,37,13.4
160,Hornepayne,CA,2022-10-19 19:35:39,49.2138,-84.7705,30.15,85,100,8.32
161,Beyneu,KZ,2022-10-19 19:35:39,45.3167,55.2,54.91,41,14,11.5
162,Hofn,IS,2022-10-19 19:35:39,64.2539,-15.2082,42.55,66,10,4.34
163,Progress,US,2022-10-19 19:35:40,40.2851,-76.8314,52.93,56,100,15.99
164,Mandla,IN,2022-10-19 19:35:40,22.6,80.3833,63.39,73,0,3.47
165,Gorele,TR,2022-10-19 19:35:41,41.0308,39.0031,62.49,90,60,4.12
166,San Ciro De Acosta,MX,2022-10-19 19:35:41,21.6333,-99.8167,56.26,88,100,4.0
167,Cherskiy,RU,2022-10-19 19:35:41,68.75,161.3,19.96,94,100,7.49
168,Rocha,UY,2022-10-19 19:35:42,-34.4833,-54.3333,67.26,75,40,12.55
169,Sao Gabriel Da Cachoeira,BR,2022-10-19 19:35:42,-0.1303,-67.0892,78.6,89,20,3.44
170,Nkhata Bay,MW,2022-10-19 19:35:43,-11.6066,34.2907,74.25,61,39,5.55
171,Harrisonburg,US,2022-10-19 19:33:35,38.4496,-78.8689,50.49,52,93,12.5
172,Tessalit,ML,2022-10-19 19:35:43,20.1986,1.0114,85.33,19,33,8.12
173,Constitucion,CL,2022-10-19 19:35:43,-35.3333,-72.4167,58.98,75,7,11.07
174,Ouesso,CG,2022-10-19 19:35:44,1.6136,16.0517,71.76,98,99,1.99
175,Mangrol,IN,2022-10-19 19:32:14,21.1167,70.1167,79.61,61,3,6.8
176,Riohacha,CO,2022-10-19 19:35:44,11.5444,-72.9072,91.51,55,20,13.8
177,Mpika,ZM,2022-10-19 19:35:45,-11.8343,31.4529,66.6,37,6,7.85
178,Bandarbeyla,SO,2022-10-19 19:36:45,9.4942,50.8122,78.46,86,86,9.62
179,Nioki,CD,2022-10-19 19:36:45,-2.7167,17.6833,76.96,79,69,3.06
180,Zwedru,LR,2022-10-19 19:36:46,6.0667,-8.1281,72.97,95,100,4.85
181,Tiarei,PF,2022-10-19 19:36:46,-17.5333,-149.3333,80.62,78,3,9.55
182,Ahipara,NZ,2022-10-19 19:36:47,-35.1667,173.1667,58.39,66,13,11.92
183,Troy,US,2022-10-19 19:33:44,42.6056,-83.1499,44.69,77,100,11.5
184,Prainha,BR,2022-10-19 19:36:47,-1.8,-53.48,89.44,52,67,4.59
185,Jamame,SO,2022-10-19 19:36:48,0.0722,42.7506,76.15,81,2,12.01
186,Melenki,RU,2022-10-19 19:36:48,55.3343,41.6295,42.76,94,14,4.74
187,Aras,ES,2022-10-19 19:36:48,42.5617,-2.356,68.41,46,40,18.41
188,Castro,BR,2022-10-19 19:36:49,-24.7911,-50.0119,70.41,81,2,4.59
189,Ambulu,ID,2022-10-19 19:36:49,-8.345,113.6058,75.0,93,100,2.21
190,Bokoro,TD,2022-10-19 19:36:49,12.3807,17.0568,87.94,22,61,7.29
191,Sechura,PE,2022-10-19 19:36:50,-5.5569,-80.8222,73.89,57,99,17.65
192,Teguldet,RU,2022-10-19 19:36:50,57.3064,88.1667,37.38,97,100,7.2
193,Klaksvik,FO,2022-10-19 19:36:50,62.2266,-6.589,43.72,69,64,7.94
194,Havoysund,NO,2022-10-19 19:32:32,70.9963,24.6622,37.63,76,100,27.69
195,Merrill,US,2022-10-19 19:32:08,45.1805,-89.6835,42.98,53,0,10.36
196,Reynoldsburg,US,2022-10-19 19:32:25,39.9548,-82.8121,44.73,77,100,19.57
197,Kahului,US,2022-10-19 19:34:08,20.8947,-156.47,84.22,69,20,10.0
198,Vikhorevka,RU,2022-10-19 19:36:51,56.1201,101.1636,33.39,91,94,5.08
199,Nhulunbuy,AU,2022-10-19 19:36:52,-12.2333,136.7667,77.61,83,63,0.0
200,Dabat,ET,2022-10-19 19:36:52,12.9842,37.765,56.25,73,95,3.18
201,Mpanda,TZ,2022-10-19 19:36:52,-6.3655,31.0409,71.73,58,36,1.54
202,Lompoc,US,2022-10-19 19:32:35,34.6391,-120.4579,96.78,22,0,1.01
203,Tari,NG,2022-10-19 19:36:53,12.4086,4.4914,84.0,26,100,1.86
204,Araouane,ML,2022-10-19 19:36:53,18.9048,-3.5265,91.11,15,96,2.01
205,Padang,ID,2022-10-19 19:36:54,-0.9492,100.3543,73.45,84,100,2.08
206,Wadi Musa,JO,2022-10-19 19:36:54,30.3222,35.4793,64.63,62,92,3.15
207,Palmer,US,2022-10-19 19:36:54,42.1584,-72.3287,54.63,45,40,17.27
208,Alice Springs,AU,2022-10-19 19:36:55,-23.7,133.8833,56.75,88,0,4.61
209,Maymyo,MM,2022-10-19 19:36:55,22.0333,96.4667,61.61,88,2,2.82
210,Domodossola,IT,2022-10-19 19:36:55,46.1165,8.2931,66.09,79,79,2.73
211,Clyde River,CA,2022-10-19 19:36:56,70.4692,-68.5914,12.43,73,75,11.5
212,General Roca,AR,2022-10-19 19:36:56,-39.0333,-67.5833,82.62,21,64,12.35
213,Camacha,PT,2022-10-19 19:36:56,33.0833,-16.3333,71.02,73,20,11.5
214,Yabrud,SY,2022-10-19 19:36:57,33.9674,36.6574,59.79,47,46,6.71
215,Saint-Raymond,CA,2022-10-19 19:36:57,45.467,-73.6095,53.19,66,100,9.22
216,Labuhan,ID,2022-10-19 19:36:57,-6.8844,112.2051,77.99,88,100,4.83
217,Manhattan,US,2022-10-19 19:36:20,40.7834,-73.9662,55.81,43,0,17.27
218,Ghanzi,BW,2022-10-19 19:36:58,-21.5667,21.7833,75.29,44,95,9.19
219,Ancud,CL,2022-10-19 19:36:58,-41.8697,-73.8203,54.09,82,96,9.89
220,Zapolyarnyy,RU,2022-10-19 19:36:59,69.4154,30.8136,33.08,75,96,18.57
221,Beira,MZ,2022-10-19 19:36:59,-19.8436,34.8389,78.89,73,20,12.66
222,Provideniya,RU,2022-10-19 19:32:17,64.3833,-173.3,35.74,98,100,30.69
223,Biak,ID,2022-10-19 19:36:59,-0.9131,122.8766,76.05,87,86,0.36
224,Gwembe,ZM,2022-10-19 19:37:00,-16.4975,27.6069,70.48,34,1,1.61
225,Namatanai,PG,2022-10-19 19:38:00,-3.6667,152.4333,79.23,74,100,6.2
226,Riberalta,BO,2022-10-19 19:38:01,-10.9833,-66.1,91.6,55,75,13.8
227,Haapiti,PF,2022-10-19 19:38:01,-17.5667,-149.8667,80.33,76,0,8.16
228,Saint Anthony,US,2022-10-19 19:33:42,45.0205,-93.218,48.78,30,20,11.5
229,Saldanha,ZA,2022-10-19 19:38:02,-33.0117,17.9442,64.45,92,74,11.23
230,Seoul,KR,2022-10-19 19:36:00,37.5683,126.9778,47.64,94,0,2.3
231,Coquimbo,CL,2022-10-19 19:38:02,-29.9533,-71.3436,62.33,63,40,12.66
232,Kaspiyskiy,RU,2022-10-19 19:38:03,45.3929,47.3707,61.72,84,100,8.34
233,Harper,LR,2022-10-19 19:38:04,4.375,-7.7169,77.04,86,80,7.27
234,La Rioja,ES,2022-10-19 19:38:04,42.25,-2.5,64.18,49,100,18.75
235,Lima,PE,2022-10-19 19:38:04,-12.0432,-77.0282,66.45,64,40,8.05
236,Severo-Kurilsk,RU,2022-10-19 19:38:05,50.6789,156.125,39.96,67,78,32.95
237,San Quintin,MX,2022-10-19 19:38:05,30.4833,-115.95,80.11,45,100,11.14
238,Fortuna,US,2022-10-19 19:38:06,40.5982,-124.1573,53.94,39,1,6.93
239,Sur,OM,2022-10-19 19:38:06,22.5667,59.5289,82.09,39,100,8.84
240,Karasuk,RU,2022-10-19 19:38:07,53.7377,78.0403,45.64,51,100,10.56
241,Tilichiki,RU,2022-10-19 19:38:07,60.4667,166.1,25.68,83,96,10.67
242,Suhbaatar,MN,2022-10-19 19:38:08,50.2314,106.2078,35.01,82,100,5.93
243,Burns Lake,CA,2022-10-19 19:38:08,54.2331,-125.7533,56.62,58,100,11.34
244,Great Yarmouth,GB,2022-10-19 19:38:09,52.6083,1.7305,58.01,75,64,23.0
245,Beruwala,LK,2022-10-19 19:38:09,6.4788,79.9828,77.63,89,100,7.56
246,Richards Bay,ZA,2022-10-19 19:36:23,-28.783,32.0377,72.23,83,96,10.42
247,Avera,US,2022-10-19 19:38:10,33.194,-82.5271,62.38,25,0,10.22
248,Megion,RU,2022-10-19 19:38:10,61.0296,76.1136,39.22,97,100,12.24
249,Tura,IN,2022-10-19 19:37:18,25.5198,90.2201,67.59,75,5,4.47
250,Lebu,CL,2022-10-19 19:38:11,-37.6167,-73.65,56.41,78,51,7.9
251,Yumen,CN,2022-10-19 19:38:11,40.2833,97.2,45.21,24,29,8.05
252,Pevek,RU,2022-10-19 19:38:12,69.7008,170.3133,27.77,95,100,5.68
253,Svendborg,DK,2022-10-19 19:38:12,55.0598,10.6068,43.86,60,13,8.28
254,Ribeira Grande,PT,2022-10-19 19:38:13,38.5167,-28.7,65.77,82,40,18.41
255,Port Moresby,PG,2022-10-19 19:38:13,-9.4431,147.1797,74.62,94,40,5.75
256,Te Anau,NZ,2022-10-19 19:38:14,-45.4167,167.7167,44.26,86,22,7.52
257,San Isidro,PE,2022-10-19 19:38:14,-12.1167,-77.05,67.59,64,40,8.05
258,Miri,MY,2022-10-19 19:38:15,4.4148,114.0089,75.34,94,20,2.3
259,Novosheshminsk,RU,2022-10-19 19:38:15,55.0651,51.2338,44.33,84,100,3.98
260,Ginir,ET,2022-10-19 19:38:16,7.1333,40.7,57.45,92,49,4.88
261,Novo Aripuana,BR,2022-10-19 19:38:16,-5.1206,-60.3797,87.13,57,100,1.88
262,High Level,CA,2022-10-19 19:38:16,58.5169,-117.136,50.11,76,100,3.44
263,Sitka,US,2022-10-19 19:38:17,57.0531,-135.33,55.29,71,100,17.27
264,Bar Harbor,US,2022-10-19 19:38:17,44.3876,-68.2039,57.65,62,0,17.27
265,Olafsvik,IS,2022-10-19 19:38:18,64.8945,-23.7142,44.65,83,100,19.26
266,Bubaque,GW,2022-10-19 19:38:18,11.2833,-15.8333,82.62,77,6,8.19
267,Anadyr,RU,2022-10-19 19:38:18,64.75,177.4833,37.9,93,100,8.95
268,Uarini,BR,2022-10-19 19:38:19,-2.99,-65.1083,83.35,66,100,4.27
269,Berlevag,NO,2022-10-19 19:38:19,70.8578,29.0864,37.35,65,75,29.93
270,Sinnamary,GF,2022-10-19 19:38:20,5.3833,-52.95,82.65,74,96,10.42
271,Yichun,CN,2022-10-19 19:38:20,47.7,128.9,32.05,80,0,5.7
272,Pangai,TO,2022-10-19 19:38:21,-19.8,-174.35,77.11,83,20,2.3
273,Onufriyivka,UA,2022-10-19 19:39:21,48.9072,33.4487,49.59,78,69,8.05
274,Avarua,CK,2022-10-19 19:39:22,-21.2078,-159.775,77.05,73,40,18.41
275,Vanimo,PG,2022-10-19 19:39:22,-2.6741,141.3028,76.24,92,100,5.55
276,Aksehir,TR,2022-10-19 19:39:22,38.3575,31.4164,59.14,68,42,2.15
277,Yarmouth,US,2022-10-19 19:39:23,41.7057,-70.2286,57.96,59,20,19.57
278,Hit,IQ,2022-10-19 19:39:23,33.6416,42.8251,84.24,14,63,7.34
279,Bathsheba,BB,2022-10-19 19:39:24,13.2167,-59.5167,86.61,74,40,13.8
280,Saryozek,KZ,2022-10-19 19:39:24,44.3583,77.9753,43.07,54,100,6.91
281,Necochea,AR,2022-10-19 19:39:24,-38.5473,-58.7368,69.35,54,98,13.67
282,Bethel,US,2022-10-19 19:39:25,41.3712,-73.414,54.63,50,75,10.0
283,Muros,ES,2022-10-19 19:39:25,42.7762,-9.0603,60.84,85,22,19.42
284,Maceio,BR,2022-10-19 19:39:17,-9.6658,-35.7353,81.84,69,40,17.27
285,Penzance,GB,2022-10-19 19:39:26,50.1186,-5.5371,59.68,90,100,16.49
286,Hamilton,US,2022-10-19 19:38:06,39.1834,-84.5333,55.15,42,0,13.8
287,Keflavik,IS,2022-10-19 19:39:26,64.0049,-22.5624,43.23,81,100,14.97
288,Urumqi,CN,2022-10-19 19:39:27,43.801,87.6005,41.95,93,40,2.24
289,Geraldton,AU,2022-10-19 19:39:27,-28.7667,114.6,57.61,88,100,4.61
290,Bitkine,TD,2022-10-19 19:39:27,11.9801,18.2138,86.13,29,55,3.2
291,Shirokiy,RU,2022-10-19 19:39:28,49.758,129.523,32.86,56,3,7.78
292,Maine-Soroa,NE,2022-10-19 19:39:29,13.2114,12.0241,87.12,19,14,8.9
293,Baruun-Urt,MN,2022-10-19 19:39:29,46.6806,113.2792,39.07,32,81,4.29
294,Do Gonbadan,IR,2022-10-19 19:39:29,30.3586,50.7981,71.69,43,58,0.0
295,Benguela,AO,2022-10-19 19:39:30,-12.5763,13.4055,74.19,78,91,8.25
296,Werder,DE,2022-10-19 19:39:30,52.3787,12.934,52.09,76,4,6.17
297,Bellevue,US,2022-10-19 19:37:10,47.6104,-122.2007,67.75,71,40,5.75
298,Arauca,CO,2022-10-19 19:38:55,7.0847,-70.7591,80.56,83,75,5.75
299,Volosovo,RU,2022-10-19 19:39:31,59.4333,29.4833,34.0,93,95,3.74
300,Teguise,ES,2022-10-19 19:39:31,29.0605,-13.564,71.82,69,20,14.97
301,Kizukuri,JP,2022-10-19 19:39:31,40.8061,140.3861,55.11,62,44,9.82
302,Axim,GH,2022-10-19 19:39:32,4.8699,-2.2405,77.83,85,43,6.46
303,Santa Cruz,BO,2022-10-19 19:39:24,-17.8,-63.1667,87.26,62,40,16.11
304,Moyale,KE,2022-10-19 19:39:32,3.5167,39.0584,69.94,64,17,6.87
305,Mitsamiouli,KM,2022-10-19 19:39:33,-11.3847,43.2844,75.15,79,9,7.27
306,Faanui,PF,2022-10-19 19:36:26,-16.4833,-151.75,77.68,77,4,7.38
307,Talnakh,RU,2022-10-19 19:39:33,69.4865,88.3972,34.21,98,100,13.24
308,Sola,VU,2022-10-19 19:39:33,-13.8833,167.55,75.87,94,61,0.0
309,Lucea,JM,2022-10-19 19:39:34,18.451,-78.1736,85.86,72,71,3.4
310,Korem,ET,2022-10-19 19:39:34,12.5058,39.5228,56.17,51,69,2.95
311,Chokurdakh,RU,2022-10-19 19:39:34,70.6333,147.9167,-7.2,100,100,2.26
312,Minanga,PH,2022-10-19 19:39:35,17.7626,121.7277,74.03,96,100,1.92
313,Tonj,SS,2022-10-19 19:39:35,7.2737,28.6822,72.01,92,74,1.99
314,Half Moon Bay,US,2022-10-19 19:39:36,37.4636,-122.4286,92.91,48,0,5.75
315,Podor,MR,2022-10-19 19:39:37,16.6527,-14.9587,93.15,49,0,0.0
316,Falun,SE,2022-10-19 19:39:37,60.6036,15.626,39.22,81,50,3.58
317,Adrar,MR,2022-10-19 19:39:38,20.5022,-10.0711,90.05,12,54,9.91
318,Agirish,RU,2022-10-19 19:39:38,61.9247,63.0231,36.16,84,92,8.16
319,Mayumba,GA,2022-10-19 19:40:38,-3.432,10.6554,77.05,87,97,7.7
320,Lorengau,PG,2022-10-19 19:40:39,-2.0226,147.2712,80.76,73,100,7.09
321,Umm Kaddadah,SD,2022-10-19 19:40:39,13.6017,26.6876,87.12,21,6,12.84
322,Muskogee,US,2022-10-19 19:40:40,35.5834,-95.3336,57.96,19,0,5.75
323,Poronaysk,RU,2022-10-19 19:40:40,49.2167,143.1167,41.54,62,68,10.51
324,Srednekolymsk,RU,2022-10-19 19:40:40,67.45,153.6833,13.46,94,100,22.26
325,Borogontsy,RU,2022-10-19 19:40:41,62.6683,131.1683,15.98,97,100,2.28
326,Lagoa,PT,2022-10-19 19:40:41,39.05,-27.9833,65.59,77,100,30.11
327,Haines Junction,CA,2022-10-19 19:40:42,60.7522,-137.5108,37.35,100,100,0.0
328,Kyra,RU,2022-10-19 19:40:43,49.5776,111.9753,39.07,69,100,4.21
329,Nanga Eboko,CM,2022-10-19 19:40:43,4.6833,12.3667,69.8,98,100,1.34
330,Leningradskiy,RU,2022-10-19 19:40:44,69.3833,178.4167,29.12,93,100,23.38
331,Kushiro,JP,2022-10-19 19:40:44,42.975,144.3747,41.92,81,0,7.87
332,Shakawe,BW,2022-10-19 19:40:44,-18.3667,21.85,67.75,55,8,4.18
333,Port Alfred,ZA,2022-10-19 19:40:45,-33.5906,26.891,73.29,87,67,14.43
334,Isangel,VU,2022-10-19 19:40:45,-19.55,169.2667,73.51,78,87,5.75
335,Kuito,AO,2022-10-19 19:40:45,-12.3833,16.9333,64.15,68,100,1.57
336,Pacific Grove,US,2022-10-19 19:40:04,36.6177,-121.9166,93.54,25,0,6.91
337,Balkhash,KZ,2022-10-19 19:40:46,46.844,74.9804,45.82,69,92,16.64
338,Marzuq,YE,2022-10-19 19:40:46,14.4,46.4667,70.63,27,20,2.44
339,Lasa,IT,2022-10-19 19:40:46,46.6166,10.7002,58.08,73,85,2.28
340,Quthing,LS,2022-10-19 19:40:47,-30.4,27.7003,66.11,54,28,1.99
341,Bengkulu,ID,2022-10-19 19:40:47,-3.8004,102.2655,74.61,92,100,2.42
342,Xapuri,BR,2022-10-19 19:40:47,-10.6517,-68.5044,92.17,42,92,3.89
343,Whitecourt,CA,2022-10-19 19:40:48,54.1502,-115.6855,56.44,47,75,4.61
344,Nome,US,2022-10-19 19:37:39,64.5011,-165.4064,35.67,87,100,17.27
345,Uva,RU,2022-10-19 19:40:48,56.9908,52.1852,36.05,91,88,4.07
346,Bueno Brandao,BR,2022-10-19 19:40:49,-22.4408,-46.3508,67.21,73,77,3.11
347,Tsumeb,NA,2022-10-19 19:40:49,-19.2333,17.7167,77.61,34,90,12.71
348,Umea,SE,2022-10-19 19:40:49,63.8284,20.2597,42.73,75,0,6.91
349,Saravan,AM,2022-10-19 19:40:50,39.7196,45.6483,52.54,61,1,1.99
350,Granville,AU,2022-10-19 19:40:50,-33.8333,151.0167,66.38,93,75,8.05
351,Salalah,OM,2022-10-19 19:40:50,17.0151,54.0924,78.89,61,0,3.44
352,Cayenne,GF,2022-10-19 19:40:51,4.9333,-52.3333,86.04,70,20,11.5
353,Thinadhoo,MV,2022-10-19 19:40:51,0.5333,72.9333,81.59,74,100,10.25
354,Dalvik,IS,2022-10-19 19:40:51,65.9702,-18.5286,40.93,74,100,6.51
355,Los Altos,US,2022-10-19 19:37:02,37.3852,-122.1141,93.42,38,0,3.44
356,Evensk,RU,2022-10-19 19:40:52,61.95,159.2333,14.54,77,100,10.67
357,Longyearbyen,SJ,2022-10-19 19:40:52,78.2186,15.6401,26.44,59,75,20.71
358,Mbaiki,CF,2022-10-19 19:40:53,3.8678,17.9892,70.43,98,100,3.06
359,Nantucket,US,2022-10-19 19:38:16,41.2835,-70.0995,57.31,59,75,21.85
360,Nedjo,ET,2022-10-19 19:40:53,9.5046,35.5019,57.27,93,100,1.21
361,Altamont,US,2022-10-19 19:37:45,42.2068,-121.7372,75.78,30,0,4.61
362,San Francisco,US,2022-10-19 19:36:26,37.7749,-122.4194,90.16,43,55,4.0
363,Abu Kamal,SY,2022-10-19 19:40:54,34.4506,40.9171,79.77,18,95,2.77
364,Bismarck,US,2022-10-19 19:38:53,46.8083,-100.7837,66.43,52,0,12.66
365,Hovd,MN,2022-10-19 19:40:54,48.0056,91.6419,31.82,60,24,3.58
366,Ustka,PL,2022-10-19 19:41:55,54.5805,16.8619,38.64,67,5,4.65
367,Nizhniy Chir,RU,2022-10-19 19:41:55,48.3597,43.0865,52.9,59,100,6.4
368,Ayan,RU,2022-10-19 19:41:55,56.45,138.1667,36.46,57,99,10.33
369,Murgab,TM,2022-10-19 19:41:56,37.4966,61.9714,49.87,87,0,4.61
370,Aguada De Pasajeros,CU,2022-10-19 19:41:56,22.385,-80.8508,84.78,64,100,5.7
371,Maningrida,AU,2022-10-19 19:41:57,-12.0667,134.2667,79.79,80,77,3.85
372,Pa Sang,TH,2022-10-19 19:41:57,18.5262,98.9394,66.4,86,0,1.95
373,Lata,PT,2022-10-19 19:41:57,40.1629,-8.3327,64.81,94,5,5.32
374,Portland,US,2022-10-19 19:37:38,45.5234,-122.6762,74.98,63,0,4.61
375,At-Bashi,KG,2022-10-19 19:41:58,41.1702,75.8106,32.99,83,100,1.45
376,Rizia,GR,2022-10-19 19:41:58,41.6167,26.4333,57.18,48,0,2.33
377,Zhigansk,RU,2022-10-19 19:41:58,66.7697,123.3711,13.59,95,100,7.56
378,Bossangoa,CF,2022-10-19 19:41:59,6.4926,17.4552,72.12,93,100,1.19
379,Shingu,JP,2022-10-19 19:41:59,33.7333,135.9833,53.1,65,0,5.73
380,Staraya Poltavka,RU,2022-10-19 19:41:59,50.4772,46.4814,52.14,51,100,9.4
381,Shahr-E Babak,IR,2022-10-19 19:42:00,30.1165,55.1186,60.33,31,29,6.55
382,Port Hardy,CA,2022-10-19 19:42:00,50.6996,-127.4199,53.78,94,100,2.3
383,Jinxiang,CN,2022-10-19 19:42:01,27.4327,120.6062,61.45,69,95,10.09
384,Tanggul,ID,2022-10-19 19:42:01,-8.1645,113.4525,74.73,94,100,1.79
385,Masaka,UG,2022-10-19 19:42:01,-0.3338,31.7341,65.17,82,99,2.44
386,Calabozo,VE,2022-10-19 19:42:02,8.9242,-67.4293,85.03,70,89,4.09
387,Curup,ID,2022-10-19 19:42:02,-3.4667,102.5333,66.51,94,98,1.05
388,Marawi,PH,2022-10-19 19:42:03,7.9986,124.2928,69.49,93,100,4.14
389,Brae,GB,2022-10-19 19:42:04,60.3964,-1.353,45.14,64,100,6.6
390,Esperance,AU,2022-10-19 19:42:04,-33.8667,121.9,65.1,49,44,20.24
391,Ankpa,NG,2022-10-19 19:42:05,7.3706,7.6253,74.59,84,100,2.95
392,Tucuman,AR,2022-10-19 19:42:05,-26.8241,-65.2226,66.2,77,100,4.61
393,Yunyang,CN,2022-10-19 19:42:05,33.4474,112.7142,54.75,34,73,2.8
394,Vila Franca Do Campo,PT,2022-10-19 19:42:06,37.7167,-25.4333,66.61,79,100,21.9
395,Boone,US,2022-10-19 19:38:13,39.0334,-92.3335,51.39,13,63,10.78
396,Urdoma,RU,2022-10-19 19:42:07,61.7533,48.5442,35.42,78,100,7.78
397,Namibe,AO,2022-10-19 19:42:07,-15.1961,12.1522,64.78,84,12,9.48
398,Dwarka,IN,2022-10-19 19:42:08,22.2394,68.9678,80.33,59,5,8.79
399,Myaundzha,RU,2022-10-19 19:42:09,63.0494,147.1858,-9.09,97,83,3.44
400,Pangody,RU,2022-10-19 19:42:09,65.85,74.4859,37.02,87,100,14.94
401,Taoudenni,ML,2022-10-19 19:42:09,22.6783,-3.9836,90.52,15,97,8.79
402,Padilla,CO,2022-10-19 19:42:10,3.2204,-76.3139,80.17,80,100,2.21
403,Jinka,ET,2022-10-19 19:42:10,5.65,36.65,65.41,79,82,3.6
404,Salinopolis,BR,2022-10-19 19:42:11,-0.6136,-47.3561,82.51,75,100,16.17
405,Okha,RU,2022-10-19 19:38:59,53.5739,142.9478,37.54,82,73,11.21
406,Norsup,VU,2022-10-19 19:42:12,-16.0667,167.3833,79.88,80,39,9.35
407,Sakaiminato,JP,2022-10-19 19:42:12,35.55,133.2333,49.98,93,40,3.44
408,Nisia Floresta,BR,2022-10-19 19:42:13,-6.0911,-35.2086,81.41,70,47,13.94
409,Tarauaca,BR,2022-10-19 19:42:13,-8.1614,-70.7656,87.33,57,92,3.27
410,Saint George,US,2022-10-19 19:42:14,37.1041,-113.5841,80.44,21,0,1.99
411,Kenai,US,2022-10-19 19:42:14,60.5544,-151.2583,49.14,86,40,4.61
412,Hasaki,JP,2022-10-19 19:40:31,35.7333,140.8333,54.28,51,0,14.85
413,Campbell River,CA,2022-10-19 19:39:22,50.0163,-125.2446,62.98,67,40,0.0
414,Mukhen,RU,2022-10-19 19:43:15,48.1,136.1,38.07,61,100,8.39
415,Mareeba,AU,2022-10-19 19:43:15,-17.0,145.4333,73.44,94,72,1.21
416,Birjand,IR,2022-10-19 19:43:16,32.8663,59.2211,54.07,43,0,4.61
417,Alta Floresta,BR,2022-10-19 19:43:16,-9.8756,-56.0861,94.82,49,40,3.44
418,Muscat,OM,2022-10-19 19:41:29,23.6139,58.5922,80.62,37,66,2.1
419,Olinda,BR,2022-10-19 19:43:17,-8.0089,-34.8553,80.33,69,40,12.66
420,Dunedin,NZ,2022-10-19 19:43:01,-45.8742,170.5036,46.8,70,100,1.99
421,Ibotirama,BR,2022-10-19 19:43:18,-12.1853,-43.2206,94.98,16,8,5.55
422,Havelock,US,2022-10-19 19:43:18,34.8791,-76.9013,60.76,42,0,11.5
423,Ercis,TR,2022-10-19 19:43:18,39.0287,43.3586,57.02,55,10,3.47
424,Misratah,LY,2022-10-19 19:43:19,32.3754,15.0925,72.57,54,5,6.89
425,Kruisfontein,ZA,2022-10-19 19:43:19,-34.0033,24.7314,76.89,55,97,5.66
426,Hassleholm,SE,2022-10-19 19:43:19,56.1591,13.7664,35.26,78,4,2.66
427,Balikpapan,ID,2022-10-19 19:43:20,-1.2675,116.8289,76.19,100,20,4.61
428,Markkleeberg,DE,2022-10-19 19:43:20,51.2833,12.4,47.71,83,0,3.44
429,Kitimat,CA,2022-10-19 19:40:11,54.0524,-128.6534,53.98,23,100,5.68
430,Khandyga,RU,2022-10-19 19:43:21,62.6667,135.6,10.62,91,100,2.62
431,Broome,US,2022-10-19 19:43:21,42.2506,-75.833,44.69,80,100,12.66
432,Xuddur,SO,2022-10-19 19:43:22,4.1213,43.8894,74.28,75,44,12.95
433,Kadhan,PK,2022-10-19 19:43:22,24.481,68.9859,78.93,60,4,7.78
434,Jacobina,BR,2022-10-19 19:38:39,-11.1806,-40.5183,83.07,40,45,7.63
435,Darhan,MN,2022-10-19 19:43:23,49.4867,105.9228,36.86,70,100,5.41
436,Sibolga,ID,2022-10-19 19:43:23,1.7427,98.7792,75.31,84,100,2.98
437,Duncan,US,2022-10-19 19:40:05,34.5023,-97.9578,64.62,26,0,9.22
438,Taltal,CL,2022-10-19 19:43:24,-25.4,-70.4833,64.53,61,23,6.78
439,Ponta Delgada,PT,2022-10-19 19:43:24,37.7333,-25.6667,66.92,72,40,23.02
440,Inhambane,MZ,2022-10-19 19:43:25,-23.865,35.3833,73.38,88,40,4.61
441,Mago,RU,2022-10-19 19:43:25,53.2514,140.1822,30.38,67,79,3.33
442,Nanortalik,GL,2022-10-19 19:43:25,60.1432,-45.2371,36.46,86,83,27.56
443,Salisbury,GB,2022-10-19 19:41:58,51.0693,-1.7957,63.01,90,20,16.11
444,Pachino,IT,2022-10-19 19:43:26,36.7186,15.0907,68.77,71,0,6.35
445,Pokhara,NP,2022-10-19 19:42:00,28.2333,83.9833,59.29,61,0,6.46
446,San Jeronimo,PE,2022-10-19 19:43:27,-11.9472,-75.2829,66.47,43,93,8.55
447,Garowe,SO,2022-10-19 19:43:27,8.4054,48.4845,78.73,64,3,18.77
448,Karangampel,ID,2022-10-19 19:43:28,-6.4622,108.4519,79.92,81,100,7.78
449,Maarianhamina,AX,2022-10-19 19:43:28,60.0973,19.9348,46.26,71,100,6.91
450,Yumbel,CL,2022-10-19 19:43:16,-37.0833,-72.5667,61.03,41,43,12.21
451,Belmonte,BR,2022-10-19 19:43:29,-15.8631,-38.8828,77.05,72,7,8.12
452,Santona,ES,2022-10-19 19:43:29,43.4439,-3.4576,73.71,63,100,8.28
453,Korla,CN,2022-10-19 19:43:30,41.7597,86.1469,54.59,40,68,16.08
454,Port Macquarie,AU,2022-10-19 19:43:30,-31.4333,152.9167,62.89,95,100,11.92
455,Wuwei,CN,2022-10-19 19:43:30,37.9281,102.6414,52.2,28,98,3.13
456,Targu Carbunesti,RO,2022-10-19 19:43:31,44.95,23.5167,53.33,64,0,4.36
457,Springville,US,2022-10-19 19:43:31,40.1652,-111.6107,76.3,27,55,4.03
458,Guayaramerin,BO,2022-10-19 19:43:31,-10.8368,-65.3614,91.45,52,75,2.3
459,Shitanjing,CN,2022-10-19 19:43:32,39.2342,106.3439,51.13,68,100,5.21
460,Ban Tak,TH,2022-10-19 19:43:32,17.0432,99.0813,70.21,93,32,2.53
461,Chittaurgarh,IN,2022-10-19 19:44:32,24.8833,74.6333,69.89,47,0,4.88
462,Pervoye Maya,RU,2022-10-19 19:44:33,56.164,44.7196,38.8,92,37,1.86
463,Oranjestad,AW,2022-10-19 19:41:48,12.524,-70.027,88.92,71,75,19.57
464,Loei,TH,2022-10-19 19:44:33,17.4167,101.5,57.88,91,10,1.3
465,Ayagoz,KZ,2022-10-19 19:44:34,47.9714,80.4392,39.83,55,100,9.26
466,Lazo,RU,2022-10-19 19:44:34,43.3817,133.9014,36.0,85,0,3.67
467,Vadinsk,RU,2022-10-19 19:44:34,53.6916,43.0574,45.82,93,100,5.12
468,Kawalu,ID,2022-10-19 19:44:35,-7.3817,108.2082,72.63,98,100,1.45
469,Oblivskaya,RU,2022-10-19 19:44:35,48.5362,42.5014,51.42,58,100,6.46
470,Kvitok,RU,2022-10-19 19:44:35,56.0724,98.4813,31.84,98,65,4.54
471,Poum,NC,2022-10-19 19:44:36,-20.2333,164.0167,75.65,73,47,13.15
472,Zhezkazgan,KZ,2022-10-19 19:44:36,47.8043,67.7144,49.59,54,100,23.69
473,Dymer,UA,2022-10-19 19:44:37,50.7865,30.3026,49.95,79,100,15.64
474,Rio Gallegos,AR,2022-10-19 19:44:37,-51.6226,-69.2181,57.25,33,75,6.91
475,Dingzhou,CN,2022-10-19 19:44:37,38.5131,114.9956,51.91,32,100,4.5
476,San Patricio,US,2022-10-19 19:44:38,28.017,-97.5169,73.17,22,0,7.85
477,Caucasia,CO,2022-10-19 19:44:38,7.9865,-75.1935,84.85,76,99,5.39
478,Taksimo,RU,2022-10-19 19:43:17,56.3444,114.8794,27.9,93,99,2.91
479,Suchil,MX,2022-10-19 19:44:38,23.6333,-103.9167,69.39,48,90,2.62
480,Silae,PH,2022-10-19 19:44:39,8.1589,125.2825,69.76,98,100,0.98
481,Juneau,US,2022-10-19 19:44:39,58.3019,-134.4197,53.22,94,100,13.8
482,Zharkent,KZ,2022-10-19 19:44:40,44.1628,80.0,50.76,45,100,14.18
483,Russell,US,2022-10-19 19:44:40,32.3502,-85.1999,63.68,25,0,8.05
484,Sungairaya,ID,2022-10-19 19:44:40,0.7,108.9,77.65,86,100,3.33
485,Albenga,IT,2022-10-19 19:44:41,44.0529,8.216,68.29,89,0,3.44
486,Waterfoot,GB,2022-10-19 19:44:41,53.6929,-2.2525,53.56,89,100,1.01
487,Zabaykalsk,RU,2022-10-19 19:44:41,49.6333,117.3167,38.79,49,100,2.37
488,Rio Grande,BR,2022-10-19 19:44:08,-32.035,-52.0986,69.91,83,5,10.8
489,Vestmanna,FO,2022-10-19 19:44:42,62.1564,-7.1664,41.92,75,100,5.75
490,Yerbogachen,RU,2022-10-19 19:44:42,61.2767,108.0108,26.82,89,82,7.38
491,Dori,BF,2022-10-19 19:44:43,14.0354,-0.0345,90.0,16,53,6.44
492,Karla,EE,2022-10-19 19:44:43,59.3723,24.9275,44.56,65,0,8.05
493,Ballina,AU,2022-10-19 19:44:43,-28.8667,153.5667,65.01,99,100,11.61
494,Chumikan,RU,2022-10-19 19:44:44,54.7183,135.315,34.88,72,100,17.38
495,The Valley,AI,2022-10-19 19:44:06,18.217,-63.0578,86.14,74,40,13.8
496,Merauke,ID,2022-10-19 19:44:44,-8.4667,140.3333,77.49,85,100,2.95
497,Aventura,US,2022-10-19 19:44:44,25.9565,-80.1392,66.02,91,100,10.36
498,Marondera,ZW,2022-10-19 19:44:45,-18.1853,31.5519,58.84,42,79,6.46
499,Vila Velha,BR,2022-10-19 19:44:45,-20.3297,-40.2925,73.35,88,100,3.44
500,Aljezur,PT,2022-10-19 19:44:45,37.3191,-8.8033,66.4,89,100,8.57
501,Gazli,UZ,2022-10-19 19:44:46,40.1333,63.45,53.82,31,0,7.7
502,Alpena,US,2022-10-19 19:41:31,45.0617,-83.4327,39.18,98,100,13.8
503,Petropavlovsk-Kamchatskiy,RU,2022-10-19 19:43:25,53.0452,158.6483,34.39,51,20,6.71
504,Rundu,NA,2022-10-19 19:44:47,-17.9333,19.7667,68.59,60,100,11.1
505,Mayo,US,2022-10-19 19:44:47,38.8876,-76.5119,57.13,48,40,8.05
506,Cortes,ES,2022-10-19 19:44:47,41.9395,-1.4396,75.25,45,100,19.44
507,Dingle,PH,2022-10-19 19:44:48,10.9995,122.6711,76.32,89,100,2.64
508,Alihe,CN,2022-10-19 19:44:48,50.5667,123.7167,33.57,68,5,3.98
509,Griffith,US,2022-10-19 19:44:48,41.5284,-87.4237,50.49,44,0,23.02
510,Tiznit,MA,2022-10-19 19:45:49,29.5833,-9.5,77.81,30,6,3.8
511,Ixtapa,MX,2022-10-19 19:45:49,20.7,-105.2,87.22,74,100,3.0
512,Mount Isa,AU,2022-10-19 19:45:49,-20.7333,139.5,69.57,56,75,5.75
513,Alugan,PH,2022-10-19 19:45:50,12.2188,125.4808,78.8,87,99,4.88
514,Kiruna,SE,2022-10-19 19:45:50,67.8557,20.2251,38.32,70,20,9.22
515,Paredon,MX,2022-10-19 19:45:50,16.0333,-93.8667,82.42,77,100,14.5
516,Kirkland Lake,CA,2022-10-19 19:45:51,48.1446,-80.0377,39.49,81,100,35.68
517,Cockburn Town,TC,2022-10-19 19:43:34,21.4612,-71.1419,83.14,74,12,9.13
518,Trinidad,BO,2022-10-19 19:45:51,-14.8333,-64.9,89.58,58,20,5.75
519,Vila,PT,2022-10-19 19:45:52,42.0304,-8.1588,50.88,93,26,6.93
520,Sedalia,US,2022-10-19 19:45:52,38.7045,-93.2283,50.76,20,0,3.44
521,Port Hawkesbury,CA,2022-10-19 19:40:56,45.6169,-61.3485,61.79,100,100,18.41
522,Jalapa,MX,2022-10-19 19:45:14,19.5333,-96.9167,58.03,84,100,6.26
523,Kurmanayevka,RU,2022-10-19 19:45:53,52.5093,52.0675,47.16,87,100,3.67
524,Nayoro,JP,2022-10-19 19:45:53,44.3506,142.4578,39.25,90,36,6.29
525,Bilma,NE,2022-10-19 19:45:54,18.6853,12.9164,79.5,21,0,8.93
526,Manbij,SY,2022-10-19 19:45:54,36.5281,37.9549,69.49,40,99,9.31
527,Pochutla,MX,2022-10-19 19:45:54,15.7432,-96.4661,77.83,93,100,2.01
528,Nouadhibou,MR,2022-10-19 19:45:56,20.931,-17.0347,76.98,65,0,13.8
529,Kudat,MY,2022-10-19 19:45:56,6.8837,116.8477,77.29,100,20,1.14
530,Arinos,BR,2022-10-19 19:45:56,-15.9169,-46.1056,96.53,17,6,7.31
531,Cuamba,MZ,2022-10-19 19:45:57,-14.8031,36.5372,76.5,48,98,1.79
532,Miyako,JP,2022-10-19 19:45:57,39.6367,141.9525,45.68,75,1,5.66
533,Fairview,US,2022-10-19 19:43:24,40.8126,-73.999,55.35,43,0,17.27
534,Anito,PH,2022-10-19 19:45:58,12.4497,125.2886,77.47,89,100,3.11
535,Aripuana,BR,2022-10-19 19:42:56,-9.1667,-60.6333,79.34,79,100,3.15
536,Brus Laguna,HN,2022-10-19 19:45:58,15.75,-84.4833,87.22,63,29,6.42
537,Kota Kinabalu,MY,2022-10-19 19:45:59,5.9749,116.0724,76.98,94,40,5.01
538,Winnemucca,US,2022-10-19 19:42:27,40.973,-117.7357,75.25,11,0,8.05
539,Hawalli,KW,2022-10-19 19:45:59,29.2833,47.9972,85.91,55,0,6.91
540,Staryy Nadym,RU,2022-10-19 19:45:59,65.6118,72.6842,37.09,89,100,15.79
541,Ocos,GT,2022-10-19 19:46:00,14.5094,-92.1933,82.71,77,72,19.86
542,Big Spring,US,2022-10-19 19:46:00,32.2504,-101.4787,71.24,36,0,8.05
543,Shumikha,RU,2022-10-19 19:46:01,55.2261,63.2961,40.15,91,100,8.19
544,Kastamonu,TR,2022-10-19 19:46:01,41.5,33.6667,50.52,93,26,3.33
545,Rehoboth,NA,2022-10-19 19:46:01,-23.3167,17.0833,77.47,28,69,10.96
546,Concarneau,FR,2022-10-19 19:45:19,47.875,-3.9225,63.82,89,100,7.11
547,Ketchikan,US,2022-10-19 19:46:02,55.3422,-131.6461,55.87,76,100,9.22
548,Manyana,BW,2022-10-19 19:46:03,-23.4,21.7167,72.52,40,15,7.4
549,Touros,BR,2022-10-19 19:46:04,-5.1989,-35.4608,79.03,74,40,18.14
550,Bisira,PA,2022-10-19 19:46:05,8.5196,-81.7115,67.03,83,100,2.1
551,Barrhead,GB,2022-10-19 19:46:05,55.7992,-4.3929,50.76,81,100,19.57
552,Omboue,GA,2022-10-19 19:46:06,-1.5746,9.2618,77.22,88,90,9.4
553,Cairo,EG,2022-10-19 19:42:14,30.0626,31.2497,75.96,64,40,10.36
554,Otane,NZ,2022-10-19 19:46:06,-39.8833,176.6333,57.0,66,8,9.48
555,Goderich,CA,2022-10-19 19:46:07,43.7501,-81.7165,43.92,81,100,20.71
556,Sault Sainte Marie,CA,2022-10-19 19:42:14,46.5168,-84.3333,35.89,96,100,11.5
557,Polson,US,2022-10-19 19:46:07,47.6936,-114.1632,60.73,59,0,1.66
558,Saint-Joseph,RE,2022-10-19 19:46:08,-21.3667,55.6167,68.38,71,20,8.72
559,Tiruvannamalai,IN,2022-10-19 19:47:08,12.2167,79.0667,75.29,90,98,2.86
560,Warwick,US,2022-10-19 19:47:09,41.7001,-71.4162,57.18,51,20,20.71
561,Uusikaupunki,FI,2022-10-19 19:47:09,60.8004,21.4084,47.52,75,100,17.22
562,Koceljeva,RS,2022-10-19 19:47:09,44.4736,19.8117,53.37,78,0,6.91
563,Kamenka,RU,2022-10-19 19:47:10,51.3223,42.7678,47.98,88,100,8.88
564,Kabalo,CD,2022-10-19 19:47:10,-6.05,26.9167,72.14,91,100,2.95
565,Sao Miguel Do Araguaia,BR,2022-10-19 19:47:10,-13.275,-50.1628,100.44,16,84,8.9
566,Akyab,MM,2022-10-19 19:47:11,20.15,92.9,78.71,82,1,4.72
567,Finschhafen,PG,2022-10-19 19:47:11,-6.6024,147.8681,78.69,83,81,4.16
568,Venado Tuerto,AR,2022-10-19 19:47:12,-33.7456,-61.9688,63.21,89,100,6.85
569,Port Keats,AU,2022-10-19 19:47:12,-14.25,129.55,81.79,81,60,5.14
570,Mahibadhoo,MV,2022-10-19 19:47:12,3.7833,72.9667,81.63,74,62,16.37
571,Akora,PK,2022-10-19 19:47:13,34.0036,72.1261,71.49,44,72,3.11
572,Shubarkuduk,KZ,2022-10-19 19:47:13,49.1447,56.4872,50.88,61,100,16.75
573,Vostok,RU,2022-10-19 19:47:14,46.4856,135.8833,30.36,67,99,5.99
574,Pushkino,RU,2022-10-19 19:47:14,56.0172,37.8667,43.09,90,75,5.77
575,Henties Bay,NA,2022-10-19 19:47:15,-22.116,14.2845,59.05,88,98,10.09
576,Porangatu,BR,2022-10-19 19:47:15,-13.4408,-49.1486,100.0,15,95,5.77
577,Yecla,ES,2022-10-19 19:47:15,38.6137,-1.1147,66.38,59,100,4.47
578,Lac-Megantic,CA,2022-10-19 19:47:16,45.5834,-70.8823,52.52,54,43,7.02
579,Inawashiro,JP,2022-10-19 19:47:16,37.5667,140.1167,37.76,88,17,3.53
580,Coolum Beach,AU,2022-10-19 19:44:14,-26.5333,153.1,70.11,87,100,7.67
581,Saint-Francois,FR,2022-10-19 19:47:17,46.4154,3.9054,62.04,82,0,2.3
